author_id,author_first_name,author_last_name
1,Seth,Jefferson
2,Blake,Gill
3,Cameron,Bradley
4,Timothy,Knapp
5,Austin,Alexander
6,Susan,Taylor
7,Matthew,Davidson
8,Kathryn,Hensley
9,Donald,Patterson
10,Jessica,Moyer
11,Natalie,Fernandez
12,Anthony,Meyer
13,Lindsay,Johnson
14,Kimberly,Fuller
15,Roberto,Moses
16,Amy,Houston
17,Zachary,Castillo
18,Carrie,Sexton
19,Yolanda,Williams
20,Daniel,Perez
21,Samantha,Young
22,Shirley,Lopez
23,Stephen,Sexton
24,Nathan,Torres
25,Anna,Garcia
26,William,Nelson
27,Eric,Castro
28,Jose,Wright
29,Cynthia,Mcneil
30,Douglas,Gomez
