customer_id,first_name,last_name,email,phone,address,password
1,Andrew,Watson,andrew.watson@yahoo.com,(082) 794-5683,"PSC 4233, Box 1305, APO AE 63455",J649ISr(S$
2,Elizabeth,Miller,elizabeth.miller@yahoo.com,(253) 237-7482,"979 Renee Fords Suite 961, North Kathrynberg, VI 13478",o@6ytfV*%8
3,Joel,Juarez,joel.juarez@gmail.com,(661) 197-1938,"267 Reeves Inlet Apt. 793, Wallaceport, KS 45031",%1E%Isd9#j
4,Mark,Coleman,mark.coleman@hotmail.com,(662) 530-7503,"175 Owens Springs, Lake Christopher, NE 13933",NVDfwGpH+4
5,Susan,Edwards,susan.edwards@yahoo.com,(860) 168-3436,"9811 Katherine Street Suite 994, East Phyllis, DC 01367",#r0ABGcpjE
6,Angela,Lynch,angela.lynch@hotmail.com,(329) 631-3588,"241 Sabrina Court, South Kevinstad, AL 72642",#ORJ*Ri618
7,Roger,Marsh,roger.marsh@gmail.com,(184) 174-2905,"01372 Hall Park Apt. 270, Port Christophermouth, PR 09270",HC(1MDe(R_
8,Nicholas,Thompson,nicholas.thompson@gmail.com,(917) 979-7697,"78800 Lewis Roads Apt. 293, Port Douglasmouth, HI 71680",os+3M$pb)x
9,Andrew,Allen,andrew.allen@yahoo.com,(670) 212-2064,"28868 Lisa Extensions, Richardstad, NV 90338",c0(4Zz#m#!
10,Ryan,Hooper,ryan.hooper@gmail.com,(589) 374-6682,"57229 Gentry Gardens Suite 354, North Jesse, CT 01780",+t7r(SvaQ#
11,Miranda,Harris,miranda.harris@gmail.com,(030) 099-4996,"83859 Martin Brooks Suite 594, New Zacharyport, PA 75272",&aLXX4AiV1
12,Tyler,Anderson,tyler.anderson@hotmail.com,(294) 024-4931,"41313 Thompson Mall, Larsonstad, WA 44705",@64fhiFfnA
13,Brandon,Alexander,brandon.alexander@yahoo.com,(770) 781-4745,"936 Johnson Mountains, East Teresa, ID 42763",o$5Vu)YTHa
14,Shawn,Cortez,shawn.cortez@hotmail.com,(522) 038-4877,"324 John Fall, Lake Patriciaborough, NJ 15829",!0TsyEV0d_
15,Mary,Jensen,mary.jensen@hotmail.com,(325) 717-8322,"PSC 3458, Box 0349, APO AP 81522",1_6DzDvF+C
16,Jennifer,Moore,jennifer.moore@yahoo.com,(641) 778-9909,"681 Kim Isle Apt. 227, Williamschester, CA 97727",y+539Vql#U
17,Jessica,Foley,jessica.foley@hotmail.com,(723) 625-7068,"309 Wilson Knoll Suite 492, Murphyborough, AZ 82957",tJX%fQxg*9
18,James,Chan,james.chan@yahoo.com,(813) 174-2131,"22547 Owens Creek, East Lisa, WY 41099",!qsNOB0dw8
19,Amanda,Wang,amanda.wang@gmail.com,(964) 081-5571,"103 Jacob Freeway, East Andremouth, NM 12008",qTT8QEu)%6
20,Omar,Dorsey,omar.dorsey@hotmail.com,(655) 733-1327,"60028 Stacy Burg, North Michelleberg, NV 38823",xrP5OeN_G#
21,Denise,Brooks,denise.brooks@hotmail.com,(098) 930-9105,"70750 Williams Fields Suite 135, Port Nicoleville, KS 06831",$_a#3TaT7z
22,Stephen,Ponce,stephen.ponce@gmail.com,(112) 544-2668,"8416 Owens Springs Suite 717, Millertown, NC 25085",!5Dre4e$$d
23,Thomas,Alvarez,thomas.alvarez@hotmail.com,(874) 794-4586,"15486 Medina Squares, Estradaborough, NJ 32789",&X9t0O#y@_
24,Haley,Monroe,haley.monroe@yahoo.com,(483) 733-8630,"33954 Harvey Station, Port Angela, CT 99735",bEsGFeDd_4
25,Julia,Mccann,julia.mccann@gmail.com,(676) 873-9607,"98190 Jason Rapids Suite 353, Lake Bethton, WV 62197",&GE!UY!l@5
26,Beverly,Whitney,beverly.whitney@gmail.com,(624) 108-5933,"766 Wilson Union Apt. 078, East Amberville, AS 50678",YH1PfVHX(F
27,Anita,Davis,anita.davis@yahoo.com,(335) 380-2514,"634 Renee Key Suite 770, North Loriton, WI 89811",kOTZ^Aem_1
28,Amanda,Martin,amanda.martin@gmail.com,(472) 185-4769,"90480 Combs Springs, Julieville, IA 76414",)lQ*6$hTC8
29,Amy,Marshall,amy.marshall@gmail.com,(528) 411-4170,"USNS Adams, FPO AE 22401",^PF2OdMS+T
30,Andrew,Cline,andrew.cline@yahoo.com,(684) 544-6600,"PSC 7580, Box 3980, APO AA 81609",htpI2Kcdt!
31,Norman,Randall,norman.randall@yahoo.com,(767) 935-3336,"115 Renee Expressway Apt. 220, Huntberg, WI 13131",k9ICwJe0^b
32,Bryan,Montgomery,bryan.montgomery@hotmail.com,(052) 493-3808,"308 Kennedy Via Suite 663, Ericamouth, FL 49146",67XnG4xB+T
33,Christopher,Torres,christopher.torres@gmail.com,(882) 685-4429,"51498 Jermaine Roads, Robertberg, ID 04097",5(x89Aqx#7
34,John,Gonzalez,john.gonzalez@hotmail.com,(424) 095-9331,"35440 William Pass, Lake Danielton, MS 86152",N*45$WdfJd
35,Timothy,Cervantes,timothy.cervantes@gmail.com,(253) 977-1962,"257 Mcguire Harbors Suite 913, Lake Barbara, WI 87348",dw9V4ZTs%#
36,Bethany,Collins,bethany.collins@hotmail.com,(652) 645-4329,"59984 Clark Way Suite 308, Lucaschester, PR 97102",l+68SdNjcQ
37,Larry,Lopez,larry.lopez@gmail.com,(049) 238-7859,"64060 Brooks Loaf Apt. 842, Teresafort, NH 76840",@++PT1CcKX
38,Sara,Murphy,sara.murphy@hotmail.com,(800) 597-3569,"7645 Ryan Avenue, Singhview, MT 50978",t_1AaM0gnp
39,Lisa,Johnson,lisa.johnson@hotmail.com,(930) 691-9564,"674 Ramirez Square, Olsonmouth, KS 52704",*dZb)Qz(0!
40,Michael,Davis,michael.davis@yahoo.com,(593) 106-7754,"249 Susan Extensions, Port Josephbury, OK 47329",O&3Z3k2116
41,Dawn,Crosby,dawn.crosby@yahoo.com,(778) 780-7929,"806 Cory Cliffs, Lake Brandyhaven, PW 59177",s^8DVk0p(1
42,Christopher,Walker,christopher.walker@gmail.com,(677) 928-9479,"86443 Sydney Parks, Thomasside, SC 46279",^#F8@+4bbE
43,Robert,Swanson,robert.swanson@hotmail.com,(982) 414-5309,"611 Michael Overpass Suite 372, New Phillipland, WI 38263",c4zu0Csw!w
44,Jeffrey,Lynch,jeffrey.lynch@gmail.com,(128) 101-4928,"933 Brian Fork Suite 752, Jacquelineport, DE 17240",bwVFg3bq&2
45,Michael,Khan,michael.khan@gmail.com,(559) 859-4519,"Unit 2142 Box 7315, DPO AP 12273",)8H!RdHM2J
46,Samantha,Jones,samantha.jones@yahoo.com,(427) 300-9469,"08442 Allen Dale Suite 077, East Brian, PR 83142",!GE7pvtn6w
47,Amanda,Ferguson,amanda.ferguson@yahoo.com,(618) 939-3359,"565 Kathleen Dale, Debbieview, MN 42734",PyW#rPeh!9
48,Andrea,Dean,andrea.dean@yahoo.com,(755) 525-3455,"55395 Weaver Terrace, Harringtonstad, GA 04048",To(1&CCTa*
49,Jason,Arnold,jason.arnold@gmail.com,(485) 065-4147,"66019 Emily Glen Apt. 443, Alishaview, ND 60068",S3f@K6eh*Q
50,Katie,Ortiz,katie.ortiz@gmail.com,(591) 098-6369,"0599 Amanda Green Apt. 005, Albertside, LA 08676",E6IIjwkJ&b
