shipping_id,order_id,date,address
1,1,2026-05-06 14:12:27,"672 Edwards Street Suite 990, North George, AR 20278"
2,2,2026-05-06 14:12:27,"08408 Small Centers Apt. 956, Lukefort, KY 82033"
3,3,2026-05-06 14:12:27,"3197 Hahn Drive, North Lisaville, SD 58721"
4,4,2026-05-06 14:12:27,"66064 Harrison Corner Suite 710, Port Gregoryville, TX 56961"
5,5,2026-05-06 14:12:27,"285 Raymond Shore Suite 425, Markshire, NC 42963"
6,6,2026-05-06 14:12:27,"21921 Matthew Corners, South Jesse, CO 34795"
7,7,2026-05-06 14:12:27,"12604 Russell Greens Apt. 191, Villaside, WA 69592"
8,8,2026-05-06 14:12:27,"14563 Travis Roads Suite 957, Johnsonburgh, AZ 00508"
9,9,2026-05-06 14:12:27,"835 Rodriguez Pike Suite 049, Port Daniel, IL 04932"
10,10,2026-05-06 14:12:27,"29045 Patricia Cape, Andrewville, CO 43562"
11,11,2026-05-06 14:12:27,"6104 Barnes Circles Apt. 500, Yuside, ND 32570"
12,12,2026-05-06 14:12:27,"03636 Breanna Crest, Christianborough, NY 73975"
13,13,2026-05-06 14:12:27,"7506 Benson Brook Apt. 839, Shaneshire, OH 89811"
14,14,2026-05-06 14:12:27,"742 Kathryn Summit, West Ericmouth, NJ 82703"
15,15,2026-05-06 14:12:27,"3176 Michelle Land, Emilystad, DC 12615"
16,16,2026-05-06 14:12:27,"0351 Adam Brooks, New Sabrina, DC 23830"
17,17,2026-05-06 14:12:27,"349 Alan Forest, Marquezside, KS 74902"
18,18,2026-05-06 14:12:27,"PSC 3747, Box 3333, APO AE 52677"
19,19,2026-05-06 14:12:27,"6758 Amber Ports Apt. 833, Lake Jennifer, TX 13109"
20,20,2026-05-06 14:12:27,"266 Greene Way Suite 575, Meganside, ND 30890"
21,21,2026-05-06 14:12:27,"PSC 1382, Box 7800, APO AP 29961"
22,22,2026-05-06 14:12:27,"96298 Davis Centers Suite 814, West Pamela, VI 65463"
23,23,2026-05-06 14:12:27,"387 Reed Forges, East Lisa, WY 75721"
24,24,2026-05-06 14:12:27,"1562 Collins Forest, Micheletown, IL 79083"
25,25,2026-05-06 14:12:27,"455 Cox Stravenue, Jacquelineton, MA 34501"
26,26,2026-05-06 14:12:27,"830 Thompson Spur Apt. 818, Philipview, AR 31697"
27,27,2026-05-06 14:12:27,"919 Joseph Tunnel Apt. 069, North Francesmouth, NY 87160"
28,28,2026-05-06 14:12:27,"49963 Barry Streets Suite 942, Joyside, MH 25358"
29,29,2026-05-06 14:12:27,"274 Sean Ridges Apt. 911, Lake Michelle, FL 01311"
30,30,2026-05-06 14:12:27,"224 Amy Grove, Lake Sarahburgh, NY 49579"
31,31,2026-05-06 14:12:27,"88507 Grimes Mall Apt. 509, Lisaville, NV 24039"
32,32,2026-05-06 14:12:27,"57275 Sarah Forest, Newmanmouth, MO 12223"
33,33,2026-05-06 14:12:27,"416 Denise Radial, North Jamesmouth, CO 54077"
34,34,2026-05-06 14:12:27,"358 Corey Branch, New Jessicaton, MD 33141"
35,35,2026-05-06 14:12:27,"71890 Benson Trafficway Apt. 911, South Sherriview, GU 59287"
36,36,2026-05-06 14:12:27,"6311 Jimmy Plains, Andreview, FM 47705"
37,37,2026-05-06 14:12:27,"910 Amanda Overpass, South Stephanie, WI 82968"
38,38,2026-05-06 14:12:27,"USS Estrada, FPO AE 40682"
39,39,2026-05-06 14:12:27,"807 Rachel Dale Apt. 290, Mcguiremouth, GU 99037"
40,40,2026-05-06 14:12:27,"422 James Village, North Crystalhaven, OR 58916"
41,41,2026-05-06 14:12:27,"09385 Watson Plaza, Darrellmouth, WI 96346"
42,42,2026-05-06 14:12:27,"8290 Nixon Expressway, Adamsbury, FL 66290"
43,43,2026-05-06 14:12:27,"882 Eaton Mall Suite 636, South Kathleenton, SC 25485"
44,44,2026-05-06 14:12:27,"USCGC Saunders, FPO AP 67034"
45,45,2026-05-06 14:12:27,"7041 Anna Corners Apt. 469, Brownview, MO 83708"
46,46,2026-05-06 14:12:27,"408 Mary Mountain Suite 304, New Jonathanfort, KS 45044"
47,47,2026-05-06 14:12:27,"8671 Smith Isle, Port Lisa, PR 23785"
48,48,2026-05-06 14:12:27,"1655 Richard Lock Apt. 312, Lake Barbara, MS 63751"
49,49,2026-05-06 14:12:27,"4909 Miguel Lakes, New Veronicaberg, NH 60545"
50,50,2026-05-06 14:12:27,"624 Cruz Crossroad, Lopezville, GU 93241"
51,51,2026-05-06 14:12:27,"114 Johnston Corner Apt. 572, Grayview, SC 35928"
52,52,2026-05-06 14:12:27,"617 David Rapid, Jonesmouth, VA 75845"
53,53,2026-05-06 14:12:27,"5075 Carter Estate Apt. 291, Lake Stephanie, NC 85367"
54,54,2026-05-06 14:12:27,"USNS Booth, FPO AP 63567"
55,55,2026-05-06 14:12:27,"5100 Jefferson Key, Johnton, TX 94319"
56,56,2026-05-06 14:12:27,"USCGC Cole, FPO AP 82340"
57,57,2026-05-06 14:12:27,"50206 David Burgs Apt. 722, Emilytown, NJ 64256"
58,58,2026-05-06 14:12:27,"2747 Diaz Lane, East Michaelhaven, SC 87987"
59,59,2026-05-06 14:12:27,"680 Jenkins Orchard Apt. 173, Laurenstad, AS 82283"
60,60,2026-05-06 14:12:27,"24647 Shane Squares Apt. 146, Mannchester, WA 95072"
